

-- ----------------------------
-- Records 
-- ----------------------------
INSERT INTO `president` VALUES ('1', '1');
INSERT INTO `activities` VALUES ('85001', '足球挑战赛', '2016-10-02 08:00', '华北理工大学体育场', '为了促进同学之间的交流，丰富同学们的课余生活，加强同学们积极参加体育活动，锻炼身体的意识，我们特别组织这样一次活动，希望通过此活动，能让同学们得到一个相互交流的机会，让大家在学习之余有更加丰富的活动。', '85001', '95001', '1');
INSERT INTO `activities` VALUES ('85002', '足协招新', '2016-09-02 08:00', '华北理工大学体育场', '曾几何时，足球使我们共同的梦想。曾几何时，足球给我们带来了无数的欢乐和激情。来吧，朋友，忘记“中国足球”带给我们的伤痛！别气馁，因为只有我们才是中国足球未来的希望。', '85002', '95001', '0');
INSERT INTO `activities` VALUES ('85003', '友谊杯', '2016-09-23 14:00', '华北理工大学体育场', '在学院新学期来临之际，为丰富同学们的课余生活,活跃校园文化气息,提高同学们的综合素质,满足足球爱好者对足球的欲望和激情，为同学们提供一个相互交流,相互学习的机会。', '85003', '95001', '1');
INSERT INTO `activities` VALUES ('85004', '励志杯', '2016-09-28 18:00', '华北理工大学体育场', '为提高学生参加足协活动和训练比赛的热情以及进行体育锻炼的积极性，进一步增强学生们的凝聚力，特举办这次机会，期待你的加入。', '85004', '95001', '1');
INSERT INTO `activities` VALUES ('85005', '信息杯', '2016-09-21 08:00', '华北理工大学体育场', '足球运动作为世界上最受欢迎的运动，在信息学院也受到了很多同学的喜爱，为了能使足球运动在校园里更加普及，能使大家更多了解足球，特举办此次活动。', '85005', '95001', '1');
INSERT INTO `activities` VALUES ('85006', '街舞社团招新', '2015-09-02 08:00', '华北理工大学图书馆广场', '我街舞社团即将迎来新一届的有生力量之际，希望为社团今后的发展注入新的活力，增强社团发展的动力，我们等待你的加入。', '85006', '95002', '0');
INSERT INTO `activities` VALUES ('85007', '第舞大道', '2016-09-24 20:00', '华北理工大学礼堂', '为丰富我校同学的课余活动，并且充分展示街舞社的魅力，特举行“第舞大道”活动，我们为同学们准备了精彩的表演，我们不见不散。', '85007', '95002', '1');
INSERT INTO `activities` VALUES ('85008', '炫动青春', '2016-09-23 20:00', '华北理工大学礼堂', '为鼓励同学们多加锻炼，并且丰富同学们的课余活动，我们精心为大家准备了精彩的节目，我们与您相约。', '85008', '95002', '1');
INSERT INTO `activities` VALUES ('85009', '社团舞会', '2016-10-01 20:00', '华北理工大学西篮球场', '每个人都期待精彩和远方。 而在你的脚下，大学生活才刚刚拉开序幕，一切都即将开始，这样你又怎么能立刻走向退场。 耳机里的音乐和鼓点、脚下的舞步和动作、掌心里精彩的绽放和欢呼。 舞台的灯光下，有人的梦想正在发芽，而你也一定能够在某个瞬间听见来自胸腔的共鸣。 这是一场属于你我的盛宴。你将在这里，寻找到纯粹的喜悦和感动。 十月二十三日，晚六点，北校区东篮球场，社团舞会。 期待你的到来', '85009', '95002', '1');
INSERT INTO `activities` VALUES ('85010', '街舞表演', '2016-11-23 20:00', '华北理工大学图书馆广场', '街舞社将于5月8日本周日下午2:30社团活动时间举办“推广街舞文化，展示青春活力”的大型街舞文化宣传与街舞技能教学活动，欢迎全院师生前来大学生活动中心二楼参加活动，同时欢迎社会各界对街舞感兴趣的人士前来体验，零点舞欢迎你们。在此小五特别希望每一位关注本平台的宿迁学院学子能够在那天前来大活参加活动，还可以带上你们的小伙伴一起来体验街舞的乐趣，让自己的大学生活更加精彩。', '85010', '95002', '1');
INSERT INTO `activities` VALUES ('85011', '轮滑社招新', '2016-12-02 08:00', '华北理工大学西篮球场', '社团招新工作是一个社团生存和发展的源泉，它必将为社团发展注入更新的血液。我们将本着“宽进严出”的原则，以“吸收最优秀的人才”为目的展开本社团的招新工作，保证会员质量，提高协会团体效能', '85011', '95005', '0');
INSERT INTO `activities` VALUES ('85012', '旋风轮滑', '2016-12-23 08:00', '华北理工大学图书馆广场', '为增进同学们的友谊，增强同学的体质，弘扬个性，发展青春提供机会，轮滑社举行旋风轮滑的活动，期待同学们的加入。', '85012', '95005', '1');
INSERT INTO `activities` VALUES ('85013', '新秀杯', '2017-01-01 08:00', '华北理工大学图书馆广场', '为丰富了在校大学生的课余生活，同时，也给热爱轮滑、热爱运动的同学们提供了交流、学习的机会。特举行此次活动，与您相约，不见不散。', '85013', '95005', '1');
INSERT INTO `activities` VALUES ('85014', '\"羽\"您相约', '2015-11-15 16:00', '华北理工大学体育场', '为同学们在紧张学习之余开展体育、文化、艺术活动，有效调剂心情，发现大学生活之美、提升人文素养、强健体魄。我们为您准备了精彩的活动。', '85014', '95003', '1');
INSERT INTO `activities` VALUES ('85015', '羽社招新', '2015-09-02 08:00', '华北理工大学东篮球场', '为同学们在紧张学习之余开展体育、文化、艺术活动，有效调剂心情，发现大学生活之美、提升人文素养、强健体魄。我们为您准备了精彩的活动。', '85015', '95003', '0');
INSERT INTO `activities` VALUES ('85016', '薰风杯', '2015-09-26 08:00', '华北理工大学东篮球场', '为响应大学生社团文化节的号召，为学院发掘羽毛球人才。同时也为全面贯彻教育方针，丰富同学们的业余文化生活，培养同学们顽强奋斗、勇于拼搏的优良品质。并推动我校羽毛球运动的发展。', '85016', '95003', '1');
INSERT INTO `activities` VALUES ('85017', '乒协招新', '2015-09-10 09:00', '华北理工大学图书馆广场', '大学生乒协招新报名正火热进行中！地点是大学道校区体育馆正门对面！无论你活泼开朗还是羞涩内向；无论你是萌萌哒得萌妹子还是上得厅堂女汉子；无论你是理想远大小青年还是高深莫测技术宅~~社联一家亲，加入社联大家庭，参与各种社团活动，丰富你的大学生活，走上属于你的非凡之路~~', '85017', '95004', '0');
INSERT INTO `activities` VALUES ('85018', '“乒”出精彩', '2015-06-19 08:00', '华北理工大学体育馆', '为了促进同学之间的交流，丰富同学们的课余生活，加强同学们积极参加体育活动，锻炼身体的意识，我们特别组织这样一次活动，希望通过此活动，能让同学们得到一个相互交流的机会，让大家在学习之余有更加丰富的活动。', '85018', '95004', '1');
INSERT INTO `activities` VALUES ('85019', '乒乓球友谊赛', '2016-05-23 18:30', '华北理工大学体育馆', '为了丰富同学们的课余生活，使同学们更加积极的投入到体育锻炼中来，华北理工大学乒协举办此次友谊赛，我们期待大家的到来。到时我们不见不散啊', '85019', '95004', '1');
INSERT INTO `activities` VALUES ('85020', '挑战杯', '2015-05-23 08:30', '华北理工大学东篮球场', '本着以兴趣为导向，以活动为载体，以学生为主体，以培养学生个性特长、创新精神和实践能力为重点，增强同学的拼搏精神，举行篮球挑战赛，希望大家踊跃报名。', '85020', '95006', '1');
INSERT INTO `activities` VALUES ('85021', '篮球友谊赛', '2015-05-09 18:30', '华北理工大学东篮球场', '为推行素质教育，减轻学生学业负担，丰富学生的校园文化生活，篮协组织开展社团活动，极大活跃学生的课余文化生活，并且让同学们接触篮球是我们这次活动的宗旨，我们期待你的加入。', '85021', '95006', '1');
INSERT INTO `activities` VALUES ('85022', '篮球社招新', '2015-09-02 08:00', '华北理工大学图书馆广场', '篮球！ 青春！！ 华北理工大学篮球社招新啦！！！ 要是你喜欢篮球！够高！弹跳力够好！打篮球得样子够帅（喂）！！ 就不要犹豫的来报名吧！', '85022', '95006', '0');
INSERT INTO `activities` VALUES ('85023', '记录自然', '2016-04-12 08:00', '唐山市大钊公园', '春天，是值得品味的季节。驻足一棵树前，面对着它的干练与沉静，在春风的吹拂下，在春水的浇灌下，它是那样的自信而优雅。华北理工大学记者团推出体会春天的活动，用镜头记录春天的美好。', '85023', '95007', '1');
INSERT INTO `activities` VALUES ('85024', '记者社招新', '2015-09-02 08:00', '华北理工大学图书馆广场', '新的一年的到来，我社团热烈欢迎新同学的到来，也真诚希望同学们能够加入我们的队伍，因为我们有共同的目标和兴趣，所以我希望大家一起携手，一起奋斗！把我们的这个新社团建设好！', '85024', '95007', '0');
INSERT INTO `activities` VALUES ('85025', '作品展', '2015-04-12 14:30', '华北理工大学体育馆', '为了使同学们多多留意生活中的美，体会到生活的美好，记者团举行此次展示活动，希望大家都踊跃参加，我们期待你的到来。', '85025', '95007', '1');
INSERT INTO `activities` VALUES ('85026', '捐献爱心', '2015-04-12 10:00', '华北理工大学第五教学楼西侧', '换季了， \r\n都开始翻箱倒柜整理衣服了吧？ \r\n大学里的你我，每年都在为怎么处理旧衣服而烦恼。 \r\n留着占地方，扔了又可惜，送亲戚朋友有时送不出手。 \r\n\r\n请来这里寻找旧衣的去处 \r\n请爱心给这些旧衣服增添新的光彩', '85026', '95008', '1');
INSERT INTO `activities` VALUES ('85027', '爱心社招新', '2015-09-02 08:00', '华北理工大学图书馆广场', '展示传统的棋艺竞赛，弘扬中国民族文化；进行激烈的棋艺比拼，发扬时代竞技精神；提倡\r\n\r\n随着新的一年的到来，爱心社也等来了你，加入我们，让我们一起帮助更多的需要帮助的人，为社会的美好出自己的一份力，加入我们，赶快行动吧。', '85027', '95008', '0');
INSERT INTO `activities` VALUES ('85028', '爱心支教', '2015-04-12 14:30', '华北理工大学图书馆广场', '我们在接受良好的教育的时候，还有许多的偏远和贫困地区的同学因为条件的不允许不能享受良好的教育，让我们帮助他们完成渴望知识的梦。', '85028', '95008', '0');
INSERT INTO `activities` VALUES ('85029', '英语角', '2016-11-10 08:00', '主校区5A302', '我们活动的初衷是让更多的同学参与到英语学习中来，并且使得学习英语这一过程更加的有趣，我们希望在资料收集、编辑、节目录制、后期处理、网站讨论等环节让热爱英语的同学更多的接触英语，从而不断提高自己的英语应用水平以及综合素质。', '85029', '95009', '1');
INSERT INTO `activities` VALUES ('85030', '英语演讲比赛', '2016-11-01 18:00', '主校区5A101', '为了繁荣校园文化，丰富大学生活，活跃校园外语学习气氛，加强英语的学习和交流，提高同学们学习英语的积极性，给学生提供一个展现自我，提升自我的机会和舞台。让同学们尽早认识到英语口语的重要性，提高对英语口语训练的积极性，英语协会举办本次面向全校的英语演讲大赛', '85030', '95009', '1');
INSERT INTO `activities` VALUES ('85031', '英美文化竞答', '2016-10-10 08:00', '轻工校区E201', '活跃英语学习气氛，提高对英语的学习热情，促进对英语国家文化的认识。', '85031', '95009', '1');
INSERT INTO `activities` VALUES ('85032', '观看经典英文影片', '2016-10-22 08:00', '主校区5A301', '能激活你学的单词、句子和语法！因为孤立的背单词和语法是没有用的，必须把它用出去，而看英文原版电影则可以将你学的单词全部激活，变成你的口语单词，一个单词一旦变成你的口语单词以后，那这个单词已经达到最高境界了！', '85032', '95009', '1');
INSERT INTO `activities` VALUES ('85033', 'cosplay', '2016-10-04 08:00', '主校区5A104', '不是每个COSER都叫特仑苏！', '85033', '95010', '1');
INSERT INTO `activities` VALUES ('85034', '漫画大赛', '2016-10-11 08:00', '主校区5A303', '让世界萌起来？', '85034', '95010', '1');
INSERT INTO `activities` VALUES ('85035', '动漫展会', '2016-10-20 08:00', '主校区5A303', '坠入荒境，觅求温暖，在此我们相遇，天荒绝不分离', '85035', '95010', '1');
INSERT INTO `activities` VALUES ('85036', '悠悠球花样大赛', '2016-11-01 18:00', '主校区体育场', '球,随你所溜', '85036', '95011', '1');
INSERT INTO `activities` VALUES ('85037', '古典文化大赛', '2016-10-15', '主校区5A101', '弘扬传统文化,缔造华夏智慧。', '85037', '95011', '1');
INSERT INTO `activities` VALUES ('85038', '绿色长跑', '2016-11-30 08:00', '主校区体育场', '强身健体，守护祖国', '85038', '95011', '1');
INSERT INTO `activities` VALUES ('85051', '社团文化节', '2016-11-01 08:00', '主校区5A104', '宣扬社团文化，等待你来参加', '85051', '95012', '1');
INSERT INTO `activities` VALUES ('85052', '辩论赛', '2016-10-11 08:00', '主校区5A203', '辩论天下，舍与争锋！', '85052', '95012', '1');
INSERT INTO `activities` VALUES ('85053', '趣味运动会', '2016-10-20 08:00', '主校区操场', '友谊第一，兴趣为主，锻炼身体！', '85053', '95012', '1');
INSERT INTO `activities` VALUES ('85054', '歌唱比赛', '2016-12-11 08:00', '主校区5A101', '唱出人生的精彩', '85054', '95013', '1');
INSERT INTO `activities` VALUES ('85055', '舞蹈大赛', '2016-10-02 08:00', '主校区体育馆', '跳出自己的闪光点', '85055', '95013', '1');
INSERT INTO `activities` VALUES ('85056', '招新', '2016-09-05 08:00', '主校区操场', '来加入我们，我们是一家人', '85056', '95013', '0');
INSERT INTO `activities` VALUES ('85057', '艺术讲座', '2016-10-11 08:00', '主校区5A401', '宣扬知识，传播文艺', '85057', '95013', '1');
INSERT INTO `activities` VALUES ('85058', '开学典礼', '2016-09-16 06:00', '主校区操场', '以优美的旋律迎接新生！', '85058', '95014', '1');
INSERT INTO `activities` VALUES ('85059', '管乐舞会', '2016-10-11 08:00', '主校区篮球场', '舞会不只是跳舞，就还有音乐！', '85059', '95014', '1');
INSERT INTO `activities` VALUES ('85060', '管乐知识讲座', '2016-10-20 08:00', '主校区5A101', '管乐的世界，你指的拥有', '85060', '95014', '1');
INSERT INTO `activities` VALUES ('85061', '开学典礼', '2016-09-16 08:00', '主校区操场', '以优美的旋律迎接新生！', '85061', '95015', '1');
INSERT INTO `activities` VALUES ('85062', '市合唱大赛', '2016-10-11 08:00', '主校区体育馆', '主校区演讲厅 奋力拼搏，突破自我！', '85062', '95015', '1');
INSERT INTO `activities` VALUES ('85063', '国庆庆典', '2016-10-01 08:00', '主校区演讲厅', '为我们伟大的祖国母亲庆生！', '85063', '95015', '1');
INSERT INTO `activities` VALUES ('85064', '趣味运动会', '2016-12-01 08:00', '主校区操场', '在运动中快乐，在快乐中运动', '85064', '95015', '1');
INSERT INTO `activities` VALUES ('85065', '户外登山-凤凰山', '2016-09-30 07:00', '凤凰山', '用于攀登，突破人生!', '85065', '95016', '1');
INSERT INTO `activities` VALUES ('85066', '户外登山-泰山', '2016-10-01 08:00', '泰山', '泰山等你来挑战', '85066', '95016', '1');
INSERT INTO `activities` VALUES ('85067', '户外登山-五月峰', '2016-12-10 08:00', '五月峰', ' 五月峰等你来挑战！', '85067', '95016', '1');
INSERT INTO `activities` VALUES ('85081', '“围棋少年”挑战赛', '2017-04-12 14:30', '5A402', '现场决胜依然采用淘汰赛赛制，根据现场抽签结果决定十六强的对阵形势；比赛规则依然采用中国围棋规则2002版，比赛用时为每方45分钟包干制（具体细则现场另行公告）。每轮比赛的对阵布置、比赛结果确认及仲裁由裁判组负责', '85081', '95016', '1');
INSERT INTO `activities` VALUES ('85082', '围棋大赛', '2015-04-12 14:30', '5A402', '赛事除部分轮次外都实行主客场制，每轮比赛上场队员为4名，并设主将1名，采用与中国围棋甲级联赛一致的积分制度：一队以4:0或3:1胜时，胜方获得场分3分，负方0分；两队2:2时，主将胜一方场分2分，负方1分；每队胜利几场，则获得几个局分。如有女子业余棋手获胜，可额外获得一个积分。', '85082', '95018', '1');
INSERT INTO `activities` VALUES ('85083', '大学生围棋赛', '2015-04-12 14:30', '本部5A101', '比赛采用中国围棋规则，用时为每方一小时包干制，超时即判负。参赛队员必须为各高校在读的本科生或研究生，每轮比赛需出示学生证。比赛的名次按照以下项目从高到低排列：场分、局分、主将胜率、女生胜场。', '85083', '95018', '1');
INSERT INTO `activities` VALUES ('85084', '信息杯挑战赛', '2015-04-12 14:30', '本部操场', '赛事主要由各院学生自行组织，中国棋院派出人员提供技术、流程等方面必要的支持，比赛对围棋在中国大学生中的普及和推广起到了十分积极的作用', '85084', '95018', '1');
INSERT INTO `activities` VALUES ('85085', '围棋社招新', '2015-04-12 14:30', '本部图书馆门口', '展示传统的棋艺竞赛，弘扬中国民族文化；进行激烈的棋艺比拼，发扬时代竞技精神；提倡\r\n\r\n良好的棋德棋风，增添棋友博弈乐趣。', '85085', '95018', '0');
INSERT INTO `activities` VALUES ('85086', '吉他社招新', '2015-04-12 14:30', '轻工操场', '学校的社团招新，会有专门的时间来招，到时会很隆重的举行几天，所有人都会知道，每一个社团都由华北理工社团联合会来统筹管理。不能派发校社团证件的私人小型组织请大家不要轻信！否则后悔莫及！', '85086', '95019', '0');
INSERT INTO `activities` VALUES ('85087', '“摇滚之夜”', '2015-04-12 14:30', '本部礼堂', '音乐在生活中也是必不可少的，让我们在倾听的过程中，提高自身的修养以及陶冶情操，同时也增进了人与人之间的交流。让我们在锻炼并且享受的过程中，缓解学习带来的压力，也减少我们对于网络的痴迷。', '85087', '95019', '1');
INSERT INTO `activities` VALUES ('85088', '吉他社十周年庆典', '2015-04-12 14:30', '主校区礼堂', '希望通过系列的活动，让同学们学有所获，并且希望能够将协会活动举办成为协会的特色系列活动，打造华北理工大学步青学区自己的音乐节！让青春飞扬！', '85088', '95019', '0');
INSERT INTO `activities` VALUES ('85089', '“星语”文艺汇演', '2015-04-12 14:30', '轻工体育馆', '通过演出的展示，提高学员坚持学音乐的动力，传播社团文化，并且逐步将协会的活动推向整个高教园区，打造属于华北理工大学自己的音乐节，在学习之余，培养自己的兴趣。', '85089', '95019', '1');
INSERT INTO `activities` VALUES ('85090', '李老师说唱故事会', 'CURRENT_TIMESTAMP', '校史馆', '经过协会成员的努力，协会在校影响力逐渐扩大， 2014至2016学年本社团被评为校优秀社团，本协会也成为了全校所有协会中目前唯一个由团委和社联单独提供办公室的协会。', '85090', '95019', '1');
INSERT INTO `activities` VALUES ('85091', '鬼步舞表演', 'CURRENT_TIMESTAMP', '北校区体育馆', '提高华北理工大学学生GD舞团成员的竞技能力，增强自信心，加强会员间鬼步舞文化交流。改变思维，扩大影响，相互学习，更快发展。', '85091', '95020', '1');
INSERT INTO `activities` VALUES ('85092', '舞蹈交流会', 'CURRENT_TIMESTAMP', '北校区广场', '以服务会员、丰富我校大学生业余文化生活而努力，配合社团联合会共同建设我校积极、上进、和谐的社团文化，办出自己的特色，办出自己的水平。我们的社团就是要唤起同学们的激情，让他们更好的发挥其自身的主观能动性，帮他们把好的创意想法付诸行动。我们的口号是“舞动青春，舞动自己!”', '85092', '95020', '1');
INSERT INTO `activities` VALUES ('85093', '“尬舞之夜”', 'CURRENT_TIMESTAMP', '多功能厅', '不管是古装美女\r\n\r\n还是自带飘逸气质的街头潮男\r\n\r\n在多功能厅\r\n\r\n你都能看到\r\n\r\n明天\r\n\r\n你愿意跟我们走吗？！', '85093', '95020', '1');
INSERT INTO `activities` VALUES ('85094', '协会庆典', 'CURRENT_TIMESTAMP', '本部礼堂', '为深刻落实上级关于深入开展校园创建活动文件精神，丰富大学校园文娱生活，更好的出尽学院师生的交流，促进社团间的沟通与发展，营造我院健康向上、积极活跃的校园气氛，力求将一场精彩、新颖的街舞舞会奉献给全员师生。', '85094', '95020', '1');
INSERT INTO `activities` VALUES ('85095', '闪亮街舞秀', 'CURRENT_TIMESTAMP', '本部广场', '新学期的到来，为学院增添了新的生命，带来新的活力。在充满激情的新世纪，街舞文化飞速在年轻一代蓬勃发展，逐渐成为年轻人的闲余爱好，成为新一代激情与活力的代表', '85095', '95020', '1');
INSERT INTO `activities` VALUES ('85096', '葫芦丝之夜', '2015-05-23 18:30:00', '主校区校史馆', '今晚18:30，让我们相约华北理工大学主校区校史馆“葫芦丝之夜”晚会，届时葫芦丝、竹笛、小提琴、口琴、吉他、魔术、相声、歌曲、舞蹈等节目都将为大家逐一奉上。小伙伴们，到时我们不见不散啊', '85096', '95021', '1');
INSERT INTO `activities` VALUES ('85097', '葫芦丝教学', 'CURRENT_TIMESTAMP', '主校区5A101', '参加葫芦丝社团学习的学生音乐基础有高低，接受能力有强弱，音乐的乐感也有很大的差别，学生个体差异性较大。我采用了分层教学的方式，使每个学习者都得到应有的发展。对尖子生既让他们带领其他学生，又对他们提出更高的要求，单独给他们安排专门的训练，对基础薄弱、接受能力不强的学生安排简单易学的曲目，认真帮助他们树立学习信心，让他们在激励的环境中学习。', '85097', '95021', '1');
INSERT INTO `activities` VALUES ('85098', '学期训练计划', 'CURRENT_TIMESTAMP', '轻工体育馆', '在这一个学期里，我们葫芦丝社团，学生有了很大的收获，他们经过一个学期的学习，能够演奏的曲目有：《摇呀摇》、《玛丽的小羊》、《粉刷匠》、《小夜曲》、《小星星》、《龙的传人》等，杨梦媛等三位学生能演奏《我和你》、《军港之夜》等曲目。在以后的葫芦丝社团教学实践中我将不断学习、进取，努力提高自身的修养和音乐水平，不断探索、创新，争取取得更大的进步!', '85098', '95021', '1');
INSERT INTO `activities` VALUES ('85099', '葫芦丝普及课', 'CURRENT_TIMESTAMP', '主校区5A102', '。葫芦丝易学易懂，其音乐悠扬婉转，悦耳动听，具有浓厚的民族特色。开发器乐训练，是实施美育的重要手段，让孩子们学习葫芦丝，不但能锻炼他们的意志，而且有助于开发智力，提高他们的审美情趣与能力，让孩子们产生美感享受，陶冶他们的情操。', '85099', '95021', '1');
INSERT INTO `activities` VALUES ('85100', '兴趣培养课', 'CURRENT_TIMESTAMP', '主校区5A102', '营造氛围、激发情趣是学习葫芦丝的前题。 利用校园广播在活动课时间编排专题节目，插播葫芦丝的经典名曲，让学生感受到葫芦丝的音乐美；在音乐课堂上介绍葫芦丝的构件和演奏特色，让学生充分认识葫芦丝，引起学生对葫芦丝的兴趣。学生有了兴趣就有了求学的欲望，就会认真学练并积极参加音乐的实践活动。', '85100', '95021', '1');
INSERT INTO `activities` VALUES ('85101', '“红牛”骑行赛', 'CURRENT_TIMESTAMP', '建设路', '一起去骑行的意义是号召热爱健康、自然的”年轻人“来场城市不间断夜间骑行，在钢筋水泥的城市中，用健康、运动、乐活的生活方式和态度宜渲内心自我正能量，就像红牛能给人们提供正能量一样。', '85101', '95022', '1');
INSERT INTO `activities` VALUES ('85102', '五四大型骑行活动', 'CURRENT_TIMESTAMP', '本部至北校区', '社区和企业联合举办纪念五四的活动，扩大了宣传范围、强化了活动意义。以骑行的方式纪念五四，既彰显了志愿青年们的青春活力，又倡导了绿色出行、文明出行的交通方式。在志愿奉献的过程中感怀五四，传递社会正能量。', '85102', '95022', '1');
INSERT INTO `activities` VALUES ('85103', '低碳骑行活动', 'CURRENT_TIMESTAMP', '建设路', '活动中，志愿者们精神饱满、热情高涨，年轻的志愿者们十分积极，在骑行过程中发扬互帮互助精神，并带动行人加入骑行队伍，参与其中。年长的志愿者们也通过此次活动感受到了青春的力量，感怀青年时光的美好，并鼓励年轻的志愿者们要趁着年轻勇于追逐梦想，坚持不放弃，珍惜自己的青春年华，不能虚度，拿出更多的力量奉献社会，回报社会。', '85103', '95022', '1');
INSERT INTO `activities` VALUES ('85104', '舞团招新', 'CURRENT_TIMESTAMP', '轻工体育馆', '在这个美丽的季节里，校园中丰富多彩的课余生活即将展开，大一的学弟学妹们，大学生活是五彩斑斓的，而参加社团活动则是锻炼自我的最佳途径！你想让你的青春留下永恒美好的痕迹吗？你脚下的路将伸向何方？哪里才适合你个性的奔放？NewBeat舞团是你们的不二选择！', '85104', '95023', '0');
INSERT INTO `activities` VALUES ('85105', '爵士舞普及课', 'CURRENT_TIMESTAMP', '本部5A403', '爵士舞是一种急促又富动感的节奏型舞蹈，是属于一种外放性的舞蹈，不像古典芭蕾舞或现代舞所表现的一种内敛性的舞蹈。爵士舞蹈是非洲舞蹈的延伸，由黑奴带到美国本土，而在美国逐渐演进形成本土化，大众化的舞蹈。爵士舞主要是追求愉快、活泼、有生气的一种舞蹈。', '85105', '95023', '1');
INSERT INTO `activities` VALUES ('85106', 'POPPING普及课', 'CURRENT_TIMESTAMP', '本部5A103', '一般的POPPIN包括了肩膀、胸部、手臂、腿部等等。有时Waving（电流舞）也被包含在POPPIN的范围里，POPPIN通常作为个人solo，较少排舞，也是属Old school。popping舞者又被称为“popper”。一般认为这种舞蹈在1970年代时起源于加州弗雷斯诺，而灵感源自于锁舞。', '85106', '95023', '1');
INSERT INTO `activities` VALUES ('85107', '韩舞普及课', 'CURRENT_TIMESTAMP', '本部5A103', '在韩国歌星的MTV或演唱会中出现的为这些歌星的歌曲所编排的带有一些Urban dance、streetdance元素的混合舞种叫韩舞。\r\n韩舞在身体形态美上主要会以柔韧，爆发力，抛引式的动作展现。目前的韩舞多数很受女生的欢迎，在一定程度上，韩舞呈现出流行趋势。', '85107', '95023', '1');
INSERT INTO `activities` VALUES ('85108', '“时代”交流大会', 'CURRENT_TIMESTAMP', '本部5C2', '来说出你心中的蓝图吧', '85108', '95024', '1');
INSERT INTO `activities` VALUES ('85109', '“创时代”', 'CURRENT_TIMESTAMP', '校史馆', '遇到志同道合的朋友，共同搭建我们的时代', '85109', '95024', '1');
INSERT INTO `activities` VALUES ('85110', '创时代招新', 'CURRENT_TIMESTAMP', '轻工体育馆', '欢迎加入我们', '85110', '95024', '0');
INSERT INTO `activities` VALUES ('85111', '武道社招新', 'CURRENT_TIMESTAMP', '轻工体育馆', '武道联盟一直以来是依托经管学院建立的一个院级社团，以教授学生跆拳道为主要活动内容，这种以实践类的社团活动为主体的形式也深受广大同学们的喜爱，所以社团的历届主席很鲜有为生源不足而烦恼的现象存在。', '85111', '95025', '0');
INSERT INTO `activities` VALUES ('85112', '社团交流会', 'CURRENT_TIMESTAMP', '北校区E402', ' 经过这3个学期的风风雨雨，我们这一批社团的新鲜血液，已渐渐成为了社团的负责人员。对于这一路的风雨同舟，我们建立起了很好的友谊，看见社团一天天走向正轨。我们都倍感欣慰，从原来的跆拳道社到今天的武道协会，期间社团的成长过程是很多人付出许多时间、金钱、精力换来的们对于社团的今天也是倍加珍惜的。', '85112', '95025', '1');
INSERT INTO `activities` VALUES ('85113', '三周年纪念会', 'CURRENT_TIMESTAMP', '校礼堂', '眼看社团就成立三周年了，我们这些社团的工作人员都非常高兴。因为，这三年可以说是社团最艰难的三年，种种阻力对两任社长一次次的打击，对社团正常运作的外界因素。 这一切的一切，我们挺过来了，', '85113', '95025', '1');
INSERT INTO `activity_picture` VALUES ('85001', '85001_1');
INSERT INTO `activity_picture` VALUES ('85001', '85001_2');
INSERT INTO `activity_picture` VALUES ('85001', '85001_3');
INSERT INTO `activity_picture` VALUES ('85001', '85001_4');
INSERT INTO `activity_picture` VALUES ('85002', '85002_1');
INSERT INTO `activity_picture` VALUES ('85002', '85002_2');
INSERT INTO `activity_picture` VALUES ('85003', '85003_1');
INSERT INTO `activity_picture` VALUES ('85003', '85003_2');
INSERT INTO `activity_picture` VALUES ('85003', '85003_3');
INSERT INTO `activity_picture` VALUES ('85004', '85004_1');
INSERT INTO `activity_picture` VALUES ('85004', '85004_2');
INSERT INTO `activity_picture` VALUES ('85004', '85004_3');
INSERT INTO `activity_picture` VALUES ('85005', '85005_1');
INSERT INTO `activity_picture` VALUES ('85005', '85005_2');
INSERT INTO `activity_picture` VALUES ('85005', '85005_3');
INSERT INTO `activity_picture` VALUES ('85006', '85006_1');
INSERT INTO `activity_picture` VALUES ('85006', '85006_2');
INSERT INTO `activity_picture` VALUES ('85007', '85007_1');
INSERT INTO `activity_picture` VALUES ('85007', '85007_2');
INSERT INTO `activity_picture` VALUES ('85007', '85007_3');
INSERT INTO `activity_picture` VALUES ('85008', '85008_1');
INSERT INTO `activity_picture` VALUES ('85008', '85008_2');
INSERT INTO `activity_picture` VALUES ('85008', '85008_3');
INSERT INTO `activity_picture` VALUES ('85009', '85009_1');
INSERT INTO `activity_picture` VALUES ('85009', '85009_2');
INSERT INTO `activity_picture` VALUES ('85009', '85009_3');
INSERT INTO `activity_picture` VALUES ('85010', '85010_1');
INSERT INTO `activity_picture` VALUES ('85010', '85010_2');
INSERT INTO `activity_picture` VALUES ('85010', '85010_3');
INSERT INTO `activity_picture` VALUES ('85011', '85011_1');
INSERT INTO `activity_picture` VALUES ('85011', '85011_2');
INSERT INTO `activity_picture` VALUES ('85011', '85011_3');
INSERT INTO `activity_picture` VALUES ('85012', '85012_1');
INSERT INTO `activity_picture` VALUES ('85012', '85012_2');
INSERT INTO `activity_picture` VALUES ('85012', '85012_3');
INSERT INTO `activity_picture` VALUES ('85013', '85013_1');
INSERT INTO `activity_picture` VALUES ('85013', '85013_2');
INSERT INTO `activity_picture` VALUES ('85013', '85013_3');
INSERT INTO `activity_picture` VALUES ('85014', '85014_1');
INSERT INTO `activity_picture` VALUES ('85014', '85014_2');
INSERT INTO `activity_picture` VALUES ('85014', '85014_3');
INSERT INTO `activity_picture` VALUES ('85015', '85015_1');
INSERT INTO `activity_picture` VALUES ('85015', '85015_2');
INSERT INTO `activity_picture` VALUES ('85015', '85015_3');
INSERT INTO `activity_picture` VALUES ('85016', '85016_1');
INSERT INTO `activity_picture` VALUES ('85016', '85016_2');
INSERT INTO `activity_picture` VALUES ('85016', '85016_3');
INSERT INTO `activity_picture` VALUES ('85017', '85017_1');
INSERT INTO `activity_picture` VALUES ('85017', '85017_2');
INSERT INTO `activity_picture` VALUES ('85017', '85017_3');
INSERT INTO `activity_picture` VALUES ('85018', '85018_1');
INSERT INTO `activity_picture` VALUES ('85018', '85018_2');
INSERT INTO `activity_picture` VALUES ('85018', '85018_3');
INSERT INTO `activity_picture` VALUES ('85019', '85019_1');
INSERT INTO `activity_picture` VALUES ('85019', '85019_2');
INSERT INTO `activity_picture` VALUES ('85019', '85019_3');
INSERT INTO `activity_picture` VALUES ('85020', '85020_1');
INSERT INTO `activity_picture` VALUES ('85020', '85020_2');
INSERT INTO `activity_picture` VALUES ('85020', '85020_3');
INSERT INTO `activity_picture` VALUES ('85021', '85021_1');
INSERT INTO `activity_picture` VALUES ('85021', '85021_2');
INSERT INTO `activity_picture` VALUES ('85021', '85021_3');
INSERT INTO `activity_picture` VALUES ('85022', '85022_1');
INSERT INTO `activity_picture` VALUES ('85022', '85022_2');
INSERT INTO `activity_picture` VALUES ('85022', '85022_3');
INSERT INTO `activity_picture` VALUES ('85023', '85023_1');
INSERT INTO `activity_picture` VALUES ('85023', '85023_2');
INSERT INTO `activity_picture` VALUES ('85023', '85023_3');
INSERT INTO `activity_picture` VALUES ('85024', '85024_1');
INSERT INTO `activity_picture` VALUES ('85024', '85024_2');
INSERT INTO `activity_picture` VALUES ('85024', '85024_3');
INSERT INTO `activity_picture` VALUES ('85025', '85025_1');
INSERT INTO `activity_picture` VALUES ('85025', '85025_2');
INSERT INTO `activity_picture` VALUES ('85025', '85025_3');
INSERT INTO `activity_picture` VALUES ('85026', '85026_1');
INSERT INTO `activity_picture` VALUES ('85026', '85026_2');
INSERT INTO `activity_picture` VALUES ('85026', '85026_3');
INSERT INTO `activity_picture` VALUES ('85027', '85027_1');
INSERT INTO `activity_picture` VALUES ('85027', '85027_2');
INSERT INTO `activity_picture` VALUES ('85027', '85027_3');
INSERT INTO `activity_picture` VALUES ('85028', '85028_1');
INSERT INTO `activity_picture` VALUES ('85028', '85028_2');
INSERT INTO `activity_picture` VALUES ('85028', '85028_3');
INSERT INTO `activity_picture` VALUES ('85029', '85029_1');
INSERT INTO `activity_picture` VALUES ('85029', '85029_2');
INSERT INTO `activity_picture` VALUES ('85029', '85029_3');
INSERT INTO `activity_picture` VALUES ('85030', '85030_1');
INSERT INTO `activity_picture` VALUES ('85030', '85030_2');
INSERT INTO `activity_picture` VALUES ('85030', '85030_3');
INSERT INTO `activity_picture` VALUES ('85031', '85031_1');
INSERT INTO `activity_picture` VALUES ('85031', '85031_2');
INSERT INTO `activity_picture` VALUES ('85031', '85031_3');
INSERT INTO `activity_picture` VALUES ('85032', '85032_1');
INSERT INTO `activity_picture` VALUES ('85032', '85032_2');
INSERT INTO `activity_picture` VALUES ('85032', '85032_3');
INSERT INTO `activity_picture` VALUES ('85033', '85033_1');
INSERT INTO `activity_picture` VALUES ('85033', '85033_2');
INSERT INTO `activity_picture` VALUES ('85033', '85033_3');
INSERT INTO `activity_picture` VALUES ('85034', '85034_1');
INSERT INTO `activity_picture` VALUES ('85034', '85034_2');
INSERT INTO `activity_picture` VALUES ('85034', '85034_3');
INSERT INTO `activity_picture` VALUES ('85035', '85035_1');
INSERT INTO `activity_picture` VALUES ('85035', '85035_2');
INSERT INTO `activity_picture` VALUES ('85035', '85035_3');
INSERT INTO `activity_picture` VALUES ('85036', '85036_1');
INSERT INTO `activity_picture` VALUES ('85036', '85036_2');
INSERT INTO `activity_picture` VALUES ('85036', '85036_3');
INSERT INTO `activity_picture` VALUES ('85037', '85037_1');
INSERT INTO `activity_picture` VALUES ('85037', '85037_2');
INSERT INTO `activity_picture` VALUES ('85037', '85037_3');
INSERT INTO `activity_picture` VALUES ('85038', '85038_1');
INSERT INTO `activity_picture` VALUES ('85038', '85038_2');
INSERT INTO `activity_picture` VALUES ('85038', '85038_3');
INSERT INTO `activity_picture` VALUES ('85051', '85051_1');
INSERT INTO `activity_picture` VALUES ('85051', '85051_2');
INSERT INTO `activity_picture` VALUES ('85051', '85051_3');
INSERT INTO `activity_picture` VALUES ('85052', '85052_1');
INSERT INTO `activity_picture` VALUES ('85052', '85052_2');
INSERT INTO `activity_picture` VALUES ('85052', '85052_3');
INSERT INTO `activity_picture` VALUES ('85053', '85053_1');
INSERT INTO `activity_picture` VALUES ('85053', '85053_2');
INSERT INTO `activity_picture` VALUES ('85053', '85053_3');
INSERT INTO `activity_picture` VALUES ('85054', '85054_1');
INSERT INTO `activity_picture` VALUES ('85054', '85054_2');
INSERT INTO `activity_picture` VALUES ('85054', '85054_3');
INSERT INTO `activity_picture` VALUES ('85055', '85055_1');
INSERT INTO `activity_picture` VALUES ('85055', '85055_2');
INSERT INTO `activity_picture` VALUES ('85055', '85055_3');
INSERT INTO `activity_picture` VALUES ('85056', '85056_1');
INSERT INTO `activity_picture` VALUES ('85056', '85056_2');
INSERT INTO `activity_picture` VALUES ('85056', '85056_3');
INSERT INTO `activity_picture` VALUES ('85057', '85057_1');
INSERT INTO `activity_picture` VALUES ('85057', '85057_2');
INSERT INTO `activity_picture` VALUES ('85057', '85057_3');
INSERT INTO `activity_picture` VALUES ('85058', '85058_1');
INSERT INTO `activity_picture` VALUES ('85058', '85058_2');
INSERT INTO `activity_picture` VALUES ('85058', '85058_3');
INSERT INTO `activity_picture` VALUES ('85059', '85059_1');
INSERT INTO `activity_picture` VALUES ('85059', '85059_2');
INSERT INTO `activity_picture` VALUES ('85059', '85059_3');
INSERT INTO `activity_picture` VALUES ('85060', '85060_1');
INSERT INTO `activity_picture` VALUES ('85060', '85060_2');
INSERT INTO `activity_picture` VALUES ('85060', '85060_3');
INSERT INTO `activity_picture` VALUES ('85061', '85061_1');
INSERT INTO `activity_picture` VALUES ('85061', '85061_2');
INSERT INTO `activity_picture` VALUES ('85061', '85061_3');
INSERT INTO `activity_picture` VALUES ('85062', '85062_1');
INSERT INTO `activity_picture` VALUES ('85062', '85062_2');
INSERT INTO `activity_picture` VALUES ('85062', '85062_3');
INSERT INTO `activity_picture` VALUES ('85063', '85063_1');
INSERT INTO `activity_picture` VALUES ('85063', '85063_2');
INSERT INTO `activity_picture` VALUES ('85063', '85063_3');
INSERT INTO `activity_picture` VALUES ('85064', '85064_1');
INSERT INTO `activity_picture` VALUES ('85064', '85064_2');
INSERT INTO `activity_picture` VALUES ('85064', '85064_3');
INSERT INTO `activity_picture` VALUES ('85065', '85065_1');
INSERT INTO `activity_picture` VALUES ('85065', '85065_2');
INSERT INTO `activity_picture` VALUES ('85065', '85065_3');
INSERT INTO `activity_picture` VALUES ('85066', '85066_1');
INSERT INTO `activity_picture` VALUES ('85066', '85066_2');
INSERT INTO `activity_picture` VALUES ('85066', '85066_3');
INSERT INTO `activity_picture` VALUES ('85067', '85067_1');
INSERT INTO `activity_picture` VALUES ('85067', '85067_2');
INSERT INTO `activity_picture` VALUES ('85067', '85067_3');
INSERT INTO `activity_picture` VALUES ('85081', '85081_1');
INSERT INTO `activity_picture` VALUES ('85081', '85081_2');
INSERT INTO `activity_picture` VALUES ('85081', '85081_3');
INSERT INTO `activity_picture` VALUES ('85082', '85082_1');
INSERT INTO `activity_picture` VALUES ('85082', '85082_2');
INSERT INTO `activity_picture` VALUES ('85082', '85082_3');
INSERT INTO `activity_picture` VALUES ('85083', '85083_1');
INSERT INTO `activity_picture` VALUES ('85083', '85083_2');
INSERT INTO `activity_picture` VALUES ('85083', '85083_3');
INSERT INTO `activity_picture` VALUES ('85084', '85084_1');
INSERT INTO `activity_picture` VALUES ('85084', '85084_2');
INSERT INTO `activity_picture` VALUES ('85084', '85084_3');
INSERT INTO `activity_picture` VALUES ('85085', '85085_1');
INSERT INTO `activity_picture` VALUES ('85085', '85085_2');
INSERT INTO `activity_picture` VALUES ('85085', '85085_3');
INSERT INTO `activity_picture` VALUES ('85085', '85085_4');
INSERT INTO `activity_picture` VALUES ('85086', '85086_1');
INSERT INTO `activity_picture` VALUES ('85086', '85086_2');
INSERT INTO `activity_picture` VALUES ('85086', '85086_3');
INSERT INTO `activity_picture` VALUES ('85087', '85087_1');
INSERT INTO `activity_picture` VALUES ('85087', '85087_2');
INSERT INTO `activity_picture` VALUES ('85087', '85087_3');
INSERT INTO `activity_picture` VALUES ('85088', '85088_1');
INSERT INTO `activity_picture` VALUES ('85088', '85088_2');
INSERT INTO `activity_picture` VALUES ('85088', '85088_3');
INSERT INTO `activity_picture` VALUES ('85089', '85089_1');
INSERT INTO `activity_picture` VALUES ('85089', '85089_2');
INSERT INTO `activity_picture` VALUES ('85089', '85089_3');
INSERT INTO `activity_picture` VALUES ('85090', '85090_1');
INSERT INTO `activity_picture` VALUES ('85090', '85090_2');
INSERT INTO `activity_picture` VALUES ('85090', '85090_3');
INSERT INTO `activity_picture` VALUES ('85091', '85091_1');
INSERT INTO `activity_picture` VALUES ('85091', '85091_2');
INSERT INTO `activity_picture` VALUES ('85091', '85091_3');
INSERT INTO `activity_picture` VALUES ('85092', '85092_1');
INSERT INTO `activity_picture` VALUES ('85092', '85092_2');
INSERT INTO `activity_picture` VALUES ('85092', '85092_3');
INSERT INTO `activity_picture` VALUES ('85093', '85093_1');
INSERT INTO `activity_picture` VALUES ('85093', '85093_2');
INSERT INTO `activity_picture` VALUES ('85093', '85093_3');
INSERT INTO `activity_picture` VALUES ('85094', '85094_1');
INSERT INTO `activity_picture` VALUES ('85094', '85094_2');
INSERT INTO `activity_picture` VALUES ('85094', '85094_3');
INSERT INTO `activity_picture` VALUES ('85095', '85095_1');
INSERT INTO `activity_picture` VALUES ('85095', '85095_2');
INSERT INTO `activity_picture` VALUES ('85095', '85095_3');
INSERT INTO `activity_picture` VALUES ('85096', '85096_1');
INSERT INTO `activity_picture` VALUES ('85096', '85096_2');
INSERT INTO `activity_picture` VALUES ('85096', '85096_3');
INSERT INTO `activity_picture` VALUES ('85097', '85097_1');
INSERT INTO `activity_picture` VALUES ('85097', '85097_2');
INSERT INTO `activity_picture` VALUES ('85097', '85097_3');
INSERT INTO `activity_picture` VALUES ('85098', '85098_1');
INSERT INTO `activity_picture` VALUES ('85098', '85098_2');
INSERT INTO `activity_picture` VALUES ('85098', '85098_3');
INSERT INTO `activity_picture` VALUES ('85099', '85099_1');
INSERT INTO `activity_picture` VALUES ('85099', '85099_2');
INSERT INTO `activity_picture` VALUES ('85099', '85099_3');
INSERT INTO `activity_picture` VALUES ('85100', '85100_1');
INSERT INTO `activity_picture` VALUES ('85100', '85100_2');
INSERT INTO `activity_picture` VALUES ('85100', '85100_3');
INSERT INTO `activity_picture` VALUES ('85101', '85101_1');
INSERT INTO `activity_picture` VALUES ('85101', '85101_2');
INSERT INTO `activity_picture` VALUES ('85101', '85101_3');
INSERT INTO `activity_picture` VALUES ('85102', '85102_1');
INSERT INTO `activity_picture` VALUES ('85102', '85102_2');
INSERT INTO `activity_picture` VALUES ('85102', '85102_3');
INSERT INTO `activity_picture` VALUES ('85103', '85103_1');
INSERT INTO `activity_picture` VALUES ('85103', '85103_2');
INSERT INTO `activity_picture` VALUES ('85103', '85103_3');
INSERT INTO `activity_picture` VALUES ('85104', '85104_1');
INSERT INTO `activity_picture` VALUES ('85104', '85104_2');
INSERT INTO `activity_picture` VALUES ('85104', '85104_3');
INSERT INTO `activity_picture` VALUES ('85105', '85105_1');
INSERT INTO `activity_picture` VALUES ('85105', '85105_2');
INSERT INTO `activity_picture` VALUES ('85105', '85105_3');
INSERT INTO `activity_picture` VALUES ('85106', '85106_1');
INSERT INTO `activity_picture` VALUES ('85106', '85106_2');
INSERT INTO `activity_picture` VALUES ('85106', '85106_3');
INSERT INTO `activity_picture` VALUES ('85107', '85107_1');
INSERT INTO `activity_picture` VALUES ('85107', '85107_2');
INSERT INTO `activity_picture` VALUES ('85107', '85107_3');
INSERT INTO `activity_picture` VALUES ('85108', '85108_1');
INSERT INTO `activity_picture` VALUES ('85108', '85108_2');
INSERT INTO `activity_picture` VALUES ('85108', '85108_3');
INSERT INTO `activity_picture` VALUES ('85109', '85109_1');
INSERT INTO `activity_picture` VALUES ('85109', '85109_2');
INSERT INTO `activity_picture` VALUES ('85109', '85109_3');
INSERT INTO `activity_picture` VALUES ('85110', '85110_1');
INSERT INTO `activity_picture` VALUES ('85110', '85110_2');
INSERT INTO `activity_picture` VALUES ('85110', '85110_3');
INSERT INTO `activity_picture` VALUES ('85111', '85111_1');
INSERT INTO `activity_picture` VALUES ('85111', '85111_2');
INSERT INTO `activity_picture` VALUES ('85111', '85111_3');
INSERT INTO `activity_picture` VALUES ('85112', '85112_1');
INSERT INTO `activity_picture` VALUES ('85112', '85112_2');
INSERT INTO `activity_picture` VALUES ('85112', '85112_3');
INSERT INTO `activity_picture` VALUES ('85113', '85113_1');
INSERT INTO `activity_picture` VALUES ('85113', '85113_2');
INSERT INTO `activity_picture` VALUES ('85113', '85113_3');
INSERT INTO `activity_pinglun` VALUES ('85001', '1', '运河', '2016-08-29 21:06:52', '许', '1.png');
INSERT INTO `activity_pinglun` VALUES ('85001', '1', '预报', '2016-08-29 21:06:58', '许', '1.png');
INSERT INTO `activity_pinglun` VALUES ('85001', '1', '一百块', '2016-08-29 21:07:03', '许', '1.png');
INSERT INTO `activity_pinglun` VALUES ('85001', '2013141002', 'asdasdas', '2016-1-1', '唐儒谦', '2013141002.png');
INSERT INTO `activity_pinglun` VALUES ('85002', '1', 'fffg', '2016-08-25 21:06:41', '许', '1.png');
INSERT INTO `activity_pinglun` VALUES ('85002', '1', 'gvbb', '2016-08-25 21:06:44', '许', '1.png');
INSERT INTO `activity_pinglun` VALUES ('85002', '1', '好的', '2016-08-30 18:48:24', '许', '1.png');
INSERT INTO `activity_pinglun` VALUES ('85003', '1', '嘎嘎', '2016-08-30 18:48:36', '许', '1.png');
INSERT INTO `activity_pinglun` VALUES ('85003', '1', '更不能', '2016-08-30 18:48:49', '许', '1.png');
INSERT INTO `activity_pinglun` VALUES ('85011', '1', '富贵', '2016-08-30 16:37:41', '许', '1.png');
INSERT INTO `activity_user` VALUES ('85001', '1');
INSERT INTO `activity_user` VALUES ('85003', '1');
INSERT INTO `activity_user` VALUES ('85004', '1');
INSERT INTO `activity_user` VALUES ('85008', '1');
INSERT INTO `activity_user` VALUES ('85011', '1');
INSERT INTO `activity_user` VALUES ('85011', '2');
INSERT INTO `activity_user` VALUES ('85031', '1');
INSERT INTO `administrator` VALUES ('95001', '10003', '789');
INSERT INTO `administrator` VALUES ('95002', '10001', '7867');
INSERT INTO `administrator` VALUES ('95003', '10002', '5485456158');
INSERT INTO `administrator` VALUES ('95004', '10004', '548');
INSERT INTO `administrator` VALUES ('95005', '10005', '123');
INSERT INTO `administrator` VALUES ('95006', '10006', '5869');
INSERT INTO `administrator` VALUES ('95007', '10012', '896');
INSERT INTO `administrator` VALUES ('95009', '10013', 'zx');
INSERT INTO `administrator` VALUES ('95015', '10010', '142852');
INSERT INTO `administrator` VALUES ('95016', '10011', '12345678');
INSERT INTO `administrator` VALUES ('95018', '10008', '28423');
INSERT INTO `administrator` VALUES ('95019', '10007', '5886');
INSERT INTO `administrator` VALUES ('95024', '10009', '6932587');
INSERT INTO `community` VALUES ('95001', '足球社团', '曾几何时，足球使我们共同的梦想。曾几何时，足球给我们带来了无数的欢乐和激情。来吧，朋友，忘记“中国足球”带给我们的伤痛！别气馁，因为只有我们才是中国足球未来的希望\r\n在这里，我们有四射的激情，无尽的活力，我们有传奇的续写，巨星的决战。。。。\r\n\"勇敢、团结、不懈、争胜\"是我们的信条！\r\n足球，让全世界为之疯狂的运动！是真正属于男子汉的运动！你，准备好了吗？COME ON。。。', '绿茵场上，激情飞扬', '95001', '95001_fu', '0');
INSERT INTO `community` VALUES ('95002', '街舞社团', '以\"为学员服务\"为工作中心，提高会员的舞蹈技能为目标，丰富同学的们课余生活为宗旨，让会员学习更多的舞蹈知识，促进会员的全面发展。协会的主要职责是教授同学们普通交谊舞和举办舞会。每周星期晚举办的舞会深受同学们的欢迎。', '相信我们会舞动奇迹！', '95002', '95002_fu', '1');
INSERT INTO `community` VALUES ('95003', '羽毛球社', '在我们羽毛球协会里面，不仅有专业的老师，更多的是广大的热爱羽毛球运动的同学，在这里不仅可以学到羽毛球知识，而且可以找到有许多共同爱好的同学，在这里你不仅可以和他们交流羽毛球技术，而且还能找到兴趣相投的同学。我们有团队精神，每一个老会员都会积极的帮助新会员，使你们能够快速的融入到这个集体里来……\r\n你喜欢羽毛球运动吗？你还在为找不到搭档而烦恼吗？那么快快加入我们吧，羽毛球协会期待你的加入！', '羽你相约,快乐时光。', '95003', '95003_fu', '1');
INSERT INTO `community` VALUES ('95004', '乒乓球社', '因为相同的爱好和追求，才孕育而生了我们的乒乓球社团。“乒乓球”-----中国的“国球”，早已称霸与世界体坛，为中国的体育事业贡献了力量。作为全民健身的大项目，国人的骄傲，我们更有理由把“乒乓球”发扬光大。我们今天都很荣幸能成为这其中的一份子。', '我运动，我健康;有乒乓，我飞翔。', '95004', '95004_fu', '1');
INSERT INTO `community` VALUES ('95005', '风行轮滑社', '轮滑社自成立以来，不断地成长，现在已有三百多名社员。\r\n轮滑是现在年轻人的热爱，在世界上也越来越受欢迎。\r\n\r\n每年都会有更多热爱轮滑的新成员不断加入我们，为社团注入新鲜血液，壮大发展。\r\n轮滑社的日常活动别样丰富：晚上组织活动，刷街逛校园；\r\n周末有各大高校交流学习，增进友谊；\r\n轮滑不仅快乐，\r\n还帮助锻炼了我们的身体，让大家身心上全面的健康起来，也让大学生活更加有滋有味。', '上帝没有给我们翅膀，我们有轮子', '95005', '95005_fu', '1');
INSERT INTO `community` VALUES ('95006', '篮球社团', '篮协一直都是篮球爱好者的天堂。创建篮协的主要目的是让更多的篮球爱好者聚集在一起互相认识对方，也就是以球会友。篮协一个组织篮球活动的团体。篮球爱好者协会为了方便大家更多地认识篮球运动，提高自己的篮球水平，从而于2005年成立、挂靠体育科学学院的兴趣爱好类学生社团，成立6年以来受到了来自学校各方面的好评。\r\n社团定期给会员做专业的篮球知识培训和篮球技术指导并定期进行篮球训练等。', '让我们一起挑战地心引力', '95006', '95006_fu', '1');
INSERT INTO `community` VALUES ('95007', '记者团', '走马观花，访问名山大川，记录苍松翠柏。用心发现，穿梭小巷古镇，探究迷失记忆。不见汗蒸溶雨，滴落废墟看往生，泪花屏。雕刻古今异事，翻开未知迷局，这世界美矣会有你！', '绝对捕捉真实的印象，进行实时的纪事', '95007', '95007_fu', '1');
INSERT INTO `community` VALUES ('95008', '爱心社', '通过组织公益活动，扩大我校爱心奉献者服务队伍，培养会员无私奉献精神，丰富我校业余文化生活，推动我校精神文明建设，尽己所能，帮助他人，服务社会，奉献爱心，传播先进文化，实践志愿者精神，为建设团结友爱、平等互助、共同前进的美好社会奉献力量。在这里我们的付出是必须的，收获是无形的，爱心社永远希望更多的人和我们一起携手为公益活动做贡献！爱是我们共同的人语言！', '为了需要我们关心、爱护的人，无私的奉献自己。', '95008', '95008_fu', '1');
INSERT INTO `community` VALUES ('95009', '英语协会', '英语协会以提高同学们的英语学习兴趣和学习水平为己任，营造良好的英语学习氛围，寓学于乐，有效的提高会员以及英语爱好者的英语交际能力，营造浓厚的英语学习氛围，树立良好的校风，提高广大会员及英语爱好者的英语能力和素质是英协的宗旨。', '精通英语，走遍天下;博古通今，学贯中西', '95009', '95009_fu', '1');
INSERT INTO `community` VALUES ('95010', '动漫社', '动漫业在如今的中国占有越来越重要的位置，动漫以青少年最喜欢的方式拓展学生人文、科学、历史等的知识面，有利于学生了解世界各国文化，丰富了学生的课余生活。在学习压力下，漫迷们以轻松搞笑、积极向上而富有寓意的动漫画作为调节剂。大部分漫画营造的正是一种轻松愉快的气氛，能使人放松心神，调节身心。侨中动漫社正是在这样一个和谐、健康的氛围中蓬勃发展起来的。', '文能撰同人,武能亲上阵。穷尽三次元,唯我动漫社!', '95010', '95010_fu', '1');
INSERT INTO `community` VALUES ('95011', '悠悠球社团', '悠悠社成立于2010年，是一个由众多悠悠球热爱者组成的新社团。悠悠社致力于悠悠球的技术普及、招式研究以及各种舞台表演。悠悠社的“学术气氛”十分自由，平时活动分为悠悠球理论知识讲解及悠悠球技术学习两大部分，社团活动的开展以小组为单位。悠悠社以普及悠悠球活动为宗旨，希望悠悠球这项运动能传播开来，吸引更多的人参与。', '旋转在电光火石之间', '95011', '95011_fu', '1');
INSERT INTO `community` VALUES ('95012', '公共关系协会', '以营造大学公关文化氛围，为大学精神文明建设服务为宗旨，以培养开拓创新的意识与团队协作的精神为根本，以学习公关知识，探讨公关理论，传播公关思想为己任。积极开展会员联谊活动，举办公关知识讲座或研讨会，承办或联办公关培训及其他各类公关专题活动,是大学生学生为增强公关协作意识和社会交际能力，提高全面综合素质和就业竞争力而自愿组织起来的一个群众性团体。', '关注自己一言一行 创建你我美好校园', '95012', '95012_fu', '1');
INSERT INTO `community` VALUES ('95013', '大学生艺术团', '近年来艺术团经常承办一些大型晚会，如中国歌剧院在我校的专场演出、校园文化艺术节器乐大赛、庆祝国庆文艺演出、军训慰问演出、迎接新同学文艺演出、新年音乐会等，给广大师生留下了深刻的印象，获得了大家的认可和好评。同时团内人员积累了丰富的工作经验，为以后更好的完成任务打下了牢固的基础。我们将会尽全力越做越好，让大学生艺术团成为我校校园文化中最动人、最靓丽的一道风景。', '展示青春风采；放飞梦想翅膀', '95013', '95013_fu', '1');
INSERT INTO `community` VALUES ('95014', '管乐团', '管乐团不仅丰富了校园的课余生活,为学生提供了走进音乐的空间。管乐团经常与其他艺术团体、音乐组织和各大专院校进行艺术交流、学习。不断地扩展自身水平,加强自身能力。管乐团分为木管组、铜管组、打击乐组三部分。木管组包括长笛、双簧管、单簧管、巴松、降E萨克斯、降B萨克斯；铜管组包括圆号、小号、次中音、长号、大号等。并聘请天津音乐学院、天津交响乐团、天津歌舞剧院等艺术院团专业教师为我校管乐团执教。', '有音乐就有快乐', '95014', '95014_fu', '1');
INSERT INTO `community` VALUES ('95015', '合唱团', '作为大学校园一道亮丽的风景线，合唱团坚持科学严格的训练，长期聘请艺术专家为团员们进行艺术指导，使广大团员在实践中不断提高自身素质与艺术水平。“骊歌几曲情几汗，啼血声声盼知音”,合唱团欢迎热爱音乐的同学们走进这座高雅的艺术殿堂，在这里你可以感受合唱艺术的美妙，培养出优秀的团队合作精神，并将带你领略一番别有特色的艺术天地！', '低鸣则山岳崩颓，叱咤则风云变色', '95015', '95015_fu', '1');
INSERT INTO `community` VALUES ('95016', '登山社', '登山户外运动协会是具有独立法人资格的全市性体育群众社团，是由热爱登山等户外运动及其相关运动的集团和个人自愿结成的专业性群众组织，是唐山市体育总会的团体会员，是代表唐山市参加全国，省内及相关国际组织的唯一合法组织。', '增进社团成员友谊，增强社团工作凝聚力', '95016', '95016_fu', '1');
INSERT INTO `community` VALUES ('95018', '围棋社', '作为一个独立的社团，围协有自己的组织机构，从上至下，我们设置了分工不同的组织部、宣传部、财务部、外联部、学术部。成立各部是为了更加高效、有规律的管理社团内部事务，各部门的成员每周闲暇时都会聚在一起相互切磋。围协也是一个以学生为主体的社团，希望同学们都能积极地参与进来，丰富自己的艺术素养，无论你是“民间高手”，还是“过路闲人”，我们都欢迎你的加入。', '简单的规则,不简单的游戏', '95018', '95018_fu', '1');
INSERT INTO `community` VALUES ('95019', '吉他协会', '吉他协会是一支充满活力的社团，在2010年成立，是严格按照院团委，社团部的社团管理规定筹办成立，不折不扣地执行我院社团管理规定的各项要求，以服务社员，丰富我院大学生业余文化生活而努力，配合我院团委，共同建设我院积极、上进、和谐的社团文化，办出自己的特色，办出自己的水平，我们的社团就是要为吉他爱好者提供良好的交流平台和表现的舞台。', '以音乐服务大学生精神生活', '95019', '95019_fu', '1');
INSERT INTO `community` VALUES ('95020', 'Glove曳步舞团', 'Glove曳步舞团成立于2013年，并于2014年正式加入学校社团联合会。同时与其他学校组成唐山大学生曳步舞联盟，与唐山市其他大学生共同跳舞。自从舞团成立以来，越来越收到广大师生的好评，各大舞会都有我们的身影。还在为找对象而发愁吗？那就用跳舞来吸引异性的眼光吧！！！', '舞动青春，曳出梦想', '95020', '95020_fu', '1');
INSERT INTO `community` VALUES ('95021', '葫芦丝协会', '有一种声音可以穿透你的心灵，有一种乐器可以描绘傣族风情，那就是葫芦丝。不管你是否有过音乐基础，也不管你是否了解过傣族民风，只要你对民族乐器感兴趣，只要你对葫芦丝、对笛子有一种喜爱之情，那还等什么，赶快加入我们吧！在这儿我们都是从零基础开始学习，只要你足够热爱，只要你足够的喜欢，我们保证你可以学好葫芦丝，并且还会给你一个展示自己的舞台，小伙伴们还在等什么，赶快加入我们吧！', '魂牵梦绕傣乡恋，葫芦丝协会传真情！', '95021', '95021_fu', '1');
INSERT INTO `community` VALUES ('95022', '骑迹自行车协会', '华北理工大学骑迹自行车协会属于校级社团，成立于2013年，也是主校区，北校区和建设路校区统一的自行车协会。车协是一个结合健身、摄影、运动、旅游、户外等多元化体育社团，车协宗旨在于推广户外运动和自行车文化，丰富大学生的课余生活，为户外爱好者提供平台.', '世界无车日，有我有你', '95022', '95022_fu', '1');
INSERT INTO `community` VALUES ('95023', 'NewBeat舞团', '在这个美丽的季节里，校园中丰富多彩的课余生活即将展开，大一的学弟学妹们，大学生活是五彩斑斓的，而参加社团活动则是锻炼自我的最佳途径！你想让你的青春留下永恒美好的痕迹吗？你脚下的路将伸向何方？哪里才适合你个性的奔放？NewBeat舞团是你们的不二选择！不用担心你有没有基础，学长学姐会手把手教你；不用再羡慕那些会跳舞的同学，在这里你将成为舞台中闪亮的焦点。只要你热爱跳舞，我们随时欢迎你的加入。', '你就是舞台最闪亮的星', '95023', '95023_fu', '1');
INSERT INTO `community` VALUES ('95024', '创时代', '觉得一天天无聊，不想一天天打游戏，想让自己的大学生活为以后的人生做好铺垫的同学，想尽早经济独立的同学，可以加入我们社团。不管你是学弟学妹，学长学姐，只要你对生活充满热情，不想在人潮中淹没自己，就可以加入我们，与我们一起进步，一起成长。我们可以提供大量帮助，通过大家一起努力，创造自己的时代。', '为梦想，创造属于我们的时代', '95024', '95024_fu', '1');
INSERT INTO `community` VALUES ('95025', '跆拳道社', '华北理工大学刚柔武道社（原武术协会）是校团委领导下的学生社团之一，是我校大学生传统武术与现代搏击爱好者组成的全校群众性学生社团组织。刚柔武道社已经走过了九个年头，社团成立于2005年，先后开设散打，太极，双节棍，八极拳四个科目，并不断发展壮大', '强身健体，修身养性', '95025', '95025_fu', '1');
INSERT INTO `community_cishan` VALUES ('95008', '爱心社');
INSERT INTO `community_compaign` VALUES ('75001', '10003', '办公室部的招新海报展示', '2016-04-30 00:00:00', '95001');
INSERT INTO `community_compaign` VALUES ('75002', '10016', '宣传部的舞蹈节展示', '2016-04-21 00:00:00', '95002');
INSERT INTO `community_compaign` VALUES ('75003', '10007', '策划部的文化节展示', '2016-04-22 00:00:00', '95003');
INSERT INTO `community_compaign` VALUES ('75004', '10012', '活动部人员才艺展示', '2016-04-23 00:00:00', '95004');
INSERT INTO `community_compaign` VALUES ('75005', '10014', '轮滑社活动展示', '2016-04-24 00:00:00', '95005');
INSERT INTO `community_compaign` VALUES ('75006', '10013', '篮球社的招新海报展示', '2016-04-25 00:00:00', '95006');
INSERT INTO `community_tiyu` VALUES ('95001', '足球社团');
INSERT INTO `community_tiyu` VALUES ('95002', '街舞社团');
INSERT INTO `community_tiyu` VALUES ('95003', '羽毛球社');
INSERT INTO `community_tiyu` VALUES ('95004', '乒乓球社');
INSERT INTO `community_tiyu` VALUES ('95005', '风行轮滑社');
INSERT INTO `community_tiyu` VALUES ('95006', '篮球社团');
INSERT INTO `community_tiyu` VALUES ('95011', '悠悠球社团');
INSERT INTO `community_tiyu` VALUES ('95016', '登山社');
INSERT INTO `community_tiyu` VALUES ('95018', '围棋社');
INSERT INTO `community_tiyu` VALUES ('95022', '骑迹自行车协会');
INSERT INTO `community_tiyu` VALUES ('95025', '跆拳道社');
INSERT INTO `community_users` VALUES ('1', '95005', '1');
INSERT INTO `community_users` VALUES ('2', '95005', '1');
INSERT INTO `community_users` VALUES ('2013141002', '95023', '1');
INSERT INTO `community_users` VALUES ('2013141003', '95019', '1');
INSERT INTO `community_users` VALUES ('2013141004', '95001', '1');
INSERT INTO `community_users` VALUES ('2013141004', '95002', '1');
INSERT INTO `community_users` VALUES ('2013141004', '95004', '1');
INSERT INTO `community_users` VALUES ('2013141004', '95011', '1');
INSERT INTO `community_users` VALUES ('2013141004', '95015', '1');
INSERT INTO `community_users` VALUES ('2013141004', '95016', '1');
INSERT INTO `community_users` VALUES ('2013141004', '95024', '1');
INSERT INTO `community_users` VALUES ('2013141005', '95001', '1');
INSERT INTO `community_users` VALUES ('2013141005', '95007', '1');
INSERT INTO `community_users` VALUES ('2013141005', '95012', '1');
INSERT INTO `community_users` VALUES ('2013141005', '95014', '1');
INSERT INTO `community_users` VALUES ('2013141005', '95025', '1');
INSERT INTO `community_users` VALUES ('2013141006', '95011', '1');
INSERT INTO `community_users` VALUES ('2013141007', '95003', '1');
INSERT INTO `community_users` VALUES ('2013141007', '95006', '1');
INSERT INTO `community_users` VALUES ('2013141008', '95001', '1');
INSERT INTO `community_users` VALUES ('2013141009', '95001', '1');
INSERT INTO `community_users` VALUES ('2013141009', '95008', '1');
INSERT INTO `community_users` VALUES ('2013141009', '95018', '1');
INSERT INTO `community_users` VALUES ('2013141009', '95021', '1');
INSERT INTO `community_users` VALUES ('2013141009', '95022', '1');
INSERT INTO `community_users` VALUES ('2013141009', '95023', '1');
INSERT INTO `community_users` VALUES ('2013141010', '95010', '1');
INSERT INTO `community_users` VALUES ('2013141011', '95005', '1');
INSERT INTO `community_users` VALUES ('2013141011', '95013', '1');
INSERT INTO `community_users` VALUES ('2013141011', '95020', '1');
INSERT INTO `community_users` VALUES ('2013141012', '95001', '1');
INSERT INTO `community_users` VALUES ('2013141012', '95009', '1');
INSERT INTO `community_users` VALUES ('2013141012', '95010', '1');
INSERT INTO `community_users` VALUES ('2013141012', '95019', '1');
INSERT INTO `community_users` VALUES ('2013141013', '95007', '1');
INSERT INTO `community_users` VALUES ('2013141013', '95008', '1');
INSERT INTO `community_users` VALUES ('2013141014', '95012', '1');
INSERT INTO `community_users` VALUES ('2013141015', '95008', '1');
INSERT INTO `community_users` VALUES ('2013141016', '95024', '1');
INSERT INTO `community_users` VALUES ('2013141017', '95025', '1');
INSERT INTO `community_users` VALUES ('2013141018', '95006', '1');
INSERT INTO `community_users` VALUES ('2013141019', '95006', '1');
INSERT INTO `community_users` VALUES ('2013141020', '95018', '1');
INSERT INTO `community_users` VALUES ('2013141021', '95014', '1');
INSERT INTO `community_users` VALUES ('2013141022', '95016', '1');
INSERT INTO `community_wenyi` VALUES ('95010', '动漫社');
INSERT INTO `community_wenyi` VALUES ('95012', '公共关系协会');
INSERT INTO `community_wenyi` VALUES ('95013', '大学生艺术团');
INSERT INTO `community_wenyi` VALUES ('95014', '管乐团');
INSERT INTO `community_wenyi` VALUES ('95015', '合唱团');
INSERT INTO `community_wenyi` VALUES ('95016', '登山社');
INSERT INTO `community_wenyi` VALUES ('95019', '吉他协会');
INSERT INTO `community_wenyi` VALUES ('95020', 'Glove曳步舞团');
INSERT INTO `community_wenyi` VALUES ('95021', '葫芦丝协会');
INSERT INTO `community_wenyi` VALUES ('95023', 'NewBeat舞团');
INSERT INTO `community_xiangce` VALUES ('95001', '95001_1');
INSERT INTO `community_xiangce` VALUES ('95002', '95002_1');
INSERT INTO `community_xiangce` VALUES ('95003', '95003_1');
INSERT INTO `community_xiangce` VALUES ('95004', '95004_1');
INSERT INTO `community_xiangce` VALUES ('95005', '95005_1');
INSERT INTO `community_xiangce` VALUES ('95006', '95006_1');
INSERT INTO `community_xiangce` VALUES ('95007', '95007_1');
INSERT INTO `community_xiangce` VALUES ('95002', '95002_2');
INSERT INTO `community_xiangce` VALUES ('95008', '95008_1');
INSERT INTO `community_xiangce` VALUES ('95009', '95009_1');
INSERT INTO `community_xiangce` VALUES ('95010', '95010_1');
INSERT INTO `community_xiangce` VALUES ('95011', '95011_1');
INSERT INTO `community_xiangce` VALUES ('95012', '95012_1');
INSERT INTO `community_xiangce` VALUES ('95013', '95001_1');
INSERT INTO `community_xiangce` VALUES ('95014', '95001_1');
INSERT INTO `community_xiangce` VALUES ('95015', '95001_1');
INSERT INTO `community_xiangce` VALUES ('95016', '95016_1');
INSERT INTO `community_xiangce` VALUES ('95017', '95017_1');
INSERT INTO `community_xiangce` VALUES ('95018', '95018_1');
INSERT INTO `community_xiangce` VALUES ('95019', '95019_1');
INSERT INTO `community_xiangce` VALUES ('95020', '95020_1');
INSERT INTO `community_xiangce` VALUES ('95021', '95021_1');
INSERT INTO `community_xiangce` VALUES ('95022', '95022_1');
INSERT INTO `community_xiangce` VALUES ('95023', '95023_1');
INSERT INTO `community_xiangce` VALUES ('95024', '95024_1');
INSERT INTO `community_xiangce` VALUES ('95025', '95025_1');
INSERT INTO `community_xueshu` VALUES ('95007', '记者团');
INSERT INTO `community_xueshu` VALUES ('95009', '英语协会');
INSERT INTO `community_xueshu` VALUES ('95024', '创时代');


INSERT INTO `users` VALUES ('1', '许', '2', '1', '1', '男', 'gvhjnn', '1.png', '1', '地理信息系统', '矿业工程学院');
INSERT INTO `users` VALUES ('2', '2', '2', '1', '1', '1', '花粥', '2.png', '1', '煤矿与安全', '矿业工程学院');
INSERT INTO `users` VALUES ('7', '没人一起做生意', '7', '没破兔子', 'MSN我', '女', '紫衫', 'touxiang.png', '1', '测绘工程', '矿业工程学院');
INSERT INTO `users` VALUES ('99', 'fc', '123', 'gf', 'ggg', '男', 'gg', 'touxiang.png', '1', 'gf', 'fff');
INSERT INTO `users` VALUES ('200', '200', '200', '200', '200', null, null, 'touxiang.png', '1', '冶金工程', '冶金与能源学院');
INSERT INTO `users` VALUES ('789', 'hhhhc', '123', 'dhhd', 'hhdh', '男', 'udhdhd', 'touxiang.png', '1', 'hdhd', 'hxhdh');
INSERT INTO `users` VALUES ('2016', 'ffgh', '123', '18332752965@qq.com', '18332752965', '男', 'scgg', '2016.png', '1', '金属材料工程', '冶金与能源学院');
INSERT INTO `users` VALUES ('2013141002', '唐儒谦', '12345678', '115545512@qq.com', '18535694526', '1', '随心所欲', '2013141002.png', '1', '金属材料工程辅修', '冶金与能源学院');
INSERT INTO `users` VALUES ('2013141003', '谭开恒', '5485456158', '47455554@qq.com', '13965485562', '1', '你好', '2013141003.png', '1', '网络工程', '信息工程学院');
INSERT INTO `users` VALUES ('2013141004', '梁位捷', 'sd4f', '5425254@qq.com', '15864957265', '0', '在不在', '2013141004.png', '1', '通信工程', '信息工程学院');
INSERT INTO `users` VALUES ('2013141005', '邹天', '4dfe551s', '84145665@qq.com', '15864852563', '1', '说什么呢', '2013141005.png', '1', '计算机科学与技术', '信息工程学院');
INSERT INTO `users` VALUES ('2013141006', '邹立', 'sdfdf84525', '7664255@qq.com', '15864957265', '0', '司机', '2013141006.png', '1', '海洋技术', '信息工程学院');
INSERT INTO `users` VALUES ('2013141007', '许慎辉', '12eerr555', '765214655@qq.com', '13965485562', '1', '明天', '2013141007.png', '1', '包装工程辅修', '机械工程学院');
INSERT INTO `users` VALUES ('2013141008', '蒋文莉', 'aggetet5525', '544855545@qq.com', '18535694526', '0', '体育课', '2013141008.png', '1', '工业工程', '机械工程学院');
INSERT INTO `users` VALUES ('2013141009', '陈丽军', '7ddd2de7sa', '755445855@qq.com', '15864852563', '1', '体育', '2013141009.png', '1', '工业工程辅修', '机械工程学院');
INSERT INTO `users` VALUES ('2013141010', '姚德乐', 'sdfsd5888', '555545555@qq.com', '15864957265', '1', '为什么', '2013141010.png', '1', '包装工程', '机械工程学院');
INSERT INTO `users` VALUES ('2013141011', '姚华建', 'werer555', '85561445485@qq.com', '15864852563', '0', '紫衫', '2013141011.png', '1', '化学', '化学工程学院');
INSERT INTO `users` VALUES ('2013141012', '彭德生', 'shabi', '8754855221@qq.com', '18535694526', '0', '黑夜', '2013141012.png', '1', '化学工程与工艺', '化学工程学院');
INSERT INTO `users` VALUES ('2013141013', '吴倩', '2013141013', null, null, null, null, '2013141013.png', '1', '化学工程与工艺', '化学工程学院');
INSERT INTO `users` VALUES ('2013141014', '王瑞', '2013141014', null, null, null, null, '2013141014.png', '1', '环境科学', '化学工程学院');
INSERT INTO `users` VALUES ('2013141015', '马博谦', '2013141015', null, null, null, null, '2013141015.png', '1', '环境工程辅修', '化学工程学院');
INSERT INTO `users` VALUES ('2013141016', '李静', '2013141016', null, null, null, null, '2014141016.png', '1', '建筑学', '建筑工程学院');
INSERT INTO `users` VALUES ('2013141017', '李琴', '2013141017', null, null, null, null, '2013141017.png', '1', '土木工程辅修', '建筑工程学院');
INSERT INTO `users` VALUES ('2013141018', '马思纯', '2013141018', null, null, null, null, '2013141018.png', '1', '土木工程', '建筑工程学院');
INSERT INTO `users` VALUES ('2013141019', '李宏', '2013141019', null, null, null, null, '2013141019.png', '1', '交通工程', '建筑工程学院');
INSERT INTO `users` VALUES ('2013141020', '王台', '2013141020', null, null, null, null, '2013141020.png', '1', '统计学', '理学院');
INSERT INTO `users` VALUES ('2013141021', '吴辉', '123', null, null, null, null, '2013141021.png', '1', '应用统计学', '理学院');
INSERT INTO `users` VALUES ('2013141022', 'esdgdfcv', 'asd', 'qww', 'sa', '男', 'df', 'touxiang.png', '1', '数学与应用数学', '理学院');
INSERT INTO `friends` VALUES ('1', '2');
INSERT INTO `friends` VALUES ('1', '2013141004');
INSERT INTO `friends` VALUES ('1', '2013141007');
INSERT INTO `friends` VALUES ('1', '2013141009');
INSERT INTO `friends` VALUES ('1', '2013141011');
INSERT INTO `friends` VALUES ('2', '1');
INSERT INTO `friends` VALUES ('2', '200');
INSERT INTO `friends` VALUES ('200', '2013141012');
INSERT INTO `friends` VALUES ('2013141003', '2013141004');
INSERT INTO `friends` VALUES ('2013141003', '2013141005');
INSERT INTO `friends` VALUES ('2013141003', '2013141006');
INSERT INTO `friends` VALUES ('2013141003', '2013141007');
INSERT INTO `friends` VALUES ('2013141005', '2013141004');
INSERT INTO `friends` VALUES ('2013141011', '2013141004');
INSERT INTO `friends` VALUES ('2013141012', '2013141012');
INSERT INTO `yijian` VALUES ('1', '狙击', '具体', '123', '1', '1.png');
INSERT INTO `yijian` VALUES ('1', '23', '234', '34', '1', '1.png');
INSERT INTO `yijian` VALUES ('1', '123', '旅游', '2016-08-06 17:50:13', '1', '1.png');
INSERT INTO `yijian` VALUES ('1', '很好', '骨头', '2016-08-08 10:03:36', '1', '1.png');
INSERT INTO `yijian` VALUES ('1', '123', 'fggh', '2016-08-09 11:27:46', '1', '1.png');
INSERT INTO `yijian` VALUES ('1', '1', '骨头', '2016-08-10 11:34:32', '1', '1.png');
INSERT INTO `yijian` VALUES ('1', '18332751234', '很好，软件功能齐全，很方便我们学生参加社团活动！', '2016-09-02 18:54:42', '许', '1.png');
